{
  "apparatus": "eta = I_pred / I_mem ;  I_mem = (K/2) ln(max(N_obs,e)) ;  nu_Still = 1 - eta ;  nu_op = 1 - I_pred/I_opt",
  "k": 8,
  "K_params_k_times_km1": 56,
  "tau_pred": 1,
  "alpha": 0.3,
  "lambda": 0.001,
  "tau_E": 1000.0,
  "late_time_fraction": 0.4,
  "regimes": {
    "stationary": {
      "I_pred": {
        "mean": 0.6583156288946637,
        "sem": 0.01218317138916446
      },
      "I_mem": {
        "mean": 251.3366262101296,
        "sem": 0.0
      },
      "eta": {
        "mean": 0.002619937663336015,
        "sem": 4.848697506168421e-05
      },
      "nu_still": {
        "mean": 0.9973800623366639,
        "sem": 4.848697506168279e-05
      },
      "nu_op": {
        "mean": 0.006051851497500731,
        "sem": 0.00018515085071896213
      },
      "n_obs": {
        "mean": 8000.0,
        "sem": 0.0
      }
    },
    "drift_no_reset": {
      "I_pred": {
        "mean": 0.0007086128907419097,
        "sem": 0.00017597222833948606
      },
      "I_mem": {
        "mean": 315.8135576450009,
        "sem": 0.0
      },
      "eta": {
        "mean": 2.2464702698658176e-06,
        "sem": 5.547539901538553e-07
      },
      "nu_still": {
        "mean": 0.9999977535297301,
        "sem": 5.547539901532184e-07
      },
      "nu_op": {
        "mean": 0.9990932048289672,
        "sem": 0.00022036722446963126
      },
      "n_obs": {
        "mean": 80000.0,
        "sem": 0.0
      }
    },
    "drift_reset_100": {
      "I_pred": {
        "mean": 0.41221745551210703,
        "sem": 0.002988616561154872
      },
      "I_mem": {
        "mean": 128.94476520766653,
        "sem": 0.0
      },
      "eta": {
        "mean": 0.00319685296916263,
        "sem": 2.317749430418275e-05
      },
      "nu_still": {
        "mean": 0.9968031470308373,
        "sem": 2.317749430418221e-05
      },
      "nu_op": {
        "mean": 0.38211030458591183,
        "sem": 0.0015920380148212536
      },
      "n_obs": {
        "mean": 100.0,
        "sem": 0.0
      }
    },
    "drift_reset_500": {
      "I_pred": {
        "mean": 0.4658296769155673,
        "sem": 0.0036250860824018215
      },
      "I_mem": {
        "mean": 174.00902675582134,
        "sem": 7.338453819646733e-15
      },
      "eta": {
        "mean": 0.002677043171842137,
        "sem": 2.0832747300453154e-05
      },
      "nu_still": {
        "mean": 0.9973229568281579,
        "sem": 2.0832747300456227e-05
      },
      "nu_op": {
        "mean": 0.2974914711130702,
        "sem": 0.0038002218662968987
      },
      "n_obs": {
        "mean": 500.0,
        "sem": 0.0
      }
    },
    "drift_reset_2000": {
      "I_pred": {
        "mean": 0.2706433196227151,
        "sem": 0.0051443859292680605
      },
      "I_mem": {
        "mean": 212.82526886717827,
        "sem": 0.0
      },
      "eta": {
        "mean": 0.0012716691070721513,
        "sem": 2.4171875626660714e-05
      },
      "nu_still": {
        "mean": 0.9987283308929279,
        "sem": 2.41718756266621e-05
      },
      "nu_op": {
        "mean": 0.6003161202756057,
        "sem": 0.007430998378000965
      },
      "n_obs": {
        "mean": 2000.0,
        "sem": 0.0
      }
    }
  },
  "I_pred_collapse_ratio_drift_over_stationary": 0.0010764029587626484,
  "eta_range_all_points": {
    "min": 0.0,
    "max": 0.00633315294600577
  },
  "dpi_violations_I_pred_gt_I_mem": 0,
  "total_sampled_points": 136000,
  "tau_w_sweep": {
    "tau_w_values": [
      50,
      100,
      200,
      500,
      1000,
      2000,
      5000,
      10000
    ],
    "I_pred_mean_late": [
      0.3067595107343529,
      0.41498425530734584,
      0.4674050674670175,
      0.46326961539751743,
      0.3878871638915474,
      0.249851995306003,
      0.09807246420385132,
      0.043775507847505876
    ],
    "I_pred_sem_late": [
      0.004887954856671944,
      0.004243261417182221,
      0.005786900755780833,
      0.005140101039541551,
      0.009111390388604845,
      0.007076913193894848,
      0.006688117194552919,
      0.003646460627071058
    ],
    "eta_mean_late": [
      0.0028005195257644316,
      0.0032183102170841157,
      0.003150630090454154,
      0.002662330937851872,
      0.0020054435104666824,
      0.001173977115762192,
      0.00041123735584750707,
      0.00016974519197039548
    ],
    "eta_sem_late": [
      4.462392375185094e-05,
      3.2907589620628745e-05,
      3.900767218986463e-05,
      2.9539278136153292e-05,
      4.710745914568345e-05,
      3.325222249953535e-05,
      2.8044606128885067e-05,
      1.4139622578700285e-05
    ],
    "optimal_tau_w_by_I_pred": 200,
    "optimal_tau_w_by_eta": 100
  },
  "lemma2_floor": {
    "eta_star_max_over_tau_w": 0.0032183102170841157,
    "c_floor_1_minus_eta_star": 0.9967816897829159,
    "drift_no_reset_nu_still": 0.9999977535297301,
    "floor_satisfied_nu_ge_1_minus_c": true
  }
}