{
  "K": 8,
  "K_theory_k_times_km1": 56,
  "tau_pred": 1,
  "stationary_eta_plateau": 6.054767763153877e-05,
  "drift_no_reset": {
    "fit_eta_t_vs_log_lam_t": {
      "ok": true,
      "slope": -0.05661733260288819,
      "intercept": 0.2010459631629696,
      "R2": 0.802103310353604,
      "n_points": 241,
      "t_min": 2000.0,
      "t_max": 50000.0,
      "K_eff_assuming_R1": -0.11323466520577638
    },
    "slope_theory_K_over_2R": 28.0,
    "nu_inf": 0.9990943876938811,
    "nu_inf_std": 0.000893900806309955,
    "nu_at_peak": 0.3390255440186202,
    "nu_at_eta_halflife": 0.44459396600084905
  },
  "tau_w_sweep": {
    "tau_w_values": [
      50,
      100,
      200,
      500,
      1000,
      2000,
      5000,
      10000
    ],
    "eta_mean_late": [
      8.494253328726284e-06,
      1.154188108538305e-05,
      1.3001437197213755e-05,
      1.2833948645567847e-05,
      1.07714374264932e-05,
      6.9629528763980155e-06,
      2.730852957882142e-06,
      1.2691126231606953e-06
    ],
    "eta_sem_late": [
      1.346070977140199e-07,
      1.20398366802908e-07,
      1.6652284632362044e-07,
      1.5212947451701191e-07,
      2.5344927298596026e-07,
      2.1110255760270403e-07,
      1.828585988224691e-07,
      1.2111150849857582e-07
    ],
    "optimal_tau_w": 200,
    "optimal_eta": 1.3001437197213755e-05
  }
}