{
  "apparatus": "TWO learners on one trajectory. eta = I_pred / I_mem ;  I_mem = (K/2) ln(max(N_obs,e)), N_obs=t ;  nu_Still = 1 - eta (secondary) ;  nu_op = 1 - I_pred/I_opt (canonical nostalgia). rm = Robbins-Monro c/sqrt(t) (freezes) ;  const = constant step (tracks to a floor).",
  "k": 8,
  "K_params": 56,
  "lambda": 0.001,
  "sigma": 0.1,
  "T_total": 20000,
  "n_runs": 50,
  "tau_pred": 1,
  "theta0_std": 0.1,
  "learn_c": 3.0,
  "const_step": 0.3,
  "measure_every": 200,
  "seed": 20260524,
  "late_time_fraction": 0.5,
  "central_late_time": {
    "shared": {
      "I_opt": {
        "mean": 0.7567436168292151,
        "sem": 0.004614863483361021
      },
      "I_mem": {
        "mean": 268.68350753899443,
        "sem": 8.038873388460928e-15
      },
      "n_obs": 15000.0
    },
    "robbins_monro": {
      "I_pred": {
        "mean": 0.14590788246820552,
        "sem": 0.004253991458098983
      },
      "eta": {
        "mean": 0.0005445910867301967,
        "sem": 1.5838345636299424e-05
      },
      "nu_still": {
        "mean": 0.9994554089132697,
        "sem": 1.583834563629882e-05
      },
      "nu_op": {
        "mean": 0.8204574550394903,
        "sem": 0.004670118403485302
      },
      "theta_err": {
        "mean": 15.36772627172609,
        "sem": 0.060059775155917434
      }
    },
    "constant_step": {
      "step": 0.3,
      "I_pred": {
        "mean": 0.528749143014803,
        "sem": 0.004985147661188506
      },
      "eta": {
        "mean": 0.0019684299476472834,
        "sem": 1.8500733001312794e-05
      },
      "nu_still": {
        "mean": 0.9980315700523527,
        "sem": 1.850073300131113e-05
      },
      "nu_op": {
        "mean": 0.31568328448921773,
        "sem": 0.0030514136029395063
      },
      "theta_err": {
        "mean": 11.993746841461164,
        "sem": 0.053892094947539076
      }
    }
  },
  "rm_freezing": {
    "times": [
      2200.0,
      10200.0,
      20000.0
    ],
    "nu_op_rm": [
      0.5666878952538189,
      0.7471774501186804,
      0.8915168655855013
    ],
    "nu_op_const": [
      0.28261354741960326,
      0.3048003405062931,
      0.3306717712815916
    ]
  },
  "bound_checks": {
    "total_sampled_points": 50000,
    "eta_range": {
      "min": 0.0,
      "max": 0.00813228182162911
    },
    "dpi_violations_I_pred_gt_I_mem": 0,
    "nu_op_range": {
      "min": 0.009818237250719508,
      "max": 1.0
    },
    "iopt_violations_I_pred_gt_I_opt": 0
  },
  "sigma_sweep": {
    "sigma_values": [
      0.03,
      0.06,
      0.1,
      0.2,
      0.4
    ],
    "n_runs_per_sigma": 40,
    "nu_op_rm_mean_late": [
      0.8577816815775992,
      0.8348658921035341,
      0.8215317399449805,
      0.8513441660256271,
      0.8547779689328866
    ],
    "nu_op_rm_sem_late": [
      0.005592987291550059,
      0.003911463007050331,
      0.006733618350513327,
      0.005801787550128919,
      0.006035866782147025
    ],
    "nu_op_const_mean_late": [
      0.6696881992264425,
      0.3707287117458259,
      0.3218887531410788,
      0.3386975270097512,
      0.37588679308204453
    ],
    "nu_op_const_sem_late": [
      0.0076500517836331095,
      0.003673953693834506,
      0.005085220827741787,
      0.005173580089659423,
      0.00598736852274931
    ],
    "I_pred_rm_mean_late": [
      0.021162483167426444,
      0.07620547832347421,
      0.14408885584429487,
      0.16276537202333696,
      0.15753606503400466
    ],
    "I_pred_const_mean_late": [
      0.048803104020178796,
      0.2737776678716749,
      0.5182568724714218,
      0.7031129623778894,
      0.6868195238649794
    ]
  },
  "step_sweep": {
    "step_values": [
      0.02,
      0.05,
      0.1,
      0.2,
      0.3,
      0.4,
      0.6,
      1.0
    ],
    "n_runs_per_step": 40,
    "sigma": 0.1,
    "nu_op_const_mean_late": [
      0.8611405544523327,
      0.6858988263532897,
      0.5162927250997886,
      0.3776184258206857,
      0.3287546180488353,
      0.30209742769955233,
      0.2904416944618897,
      0.33865548521047717
    ],
    "nu_op_const_sem_late": [
      0.0053638506045851015,
      0.003957954477452985,
      0.004703523187439478,
      0.0042811297848034564,
      0.003260095553732285,
      0.0037382176965022906,
      0.004491505395997753,
      0.005374721632852219
    ],
    "I_pred_const_mean_late": [
      0.1120409472124064,
      0.24375615557696184,
      0.3762902338418564,
      0.47653148710964144,
      0.5126930997596569,
      0.53307797365116,
      0.5477143703651117,
      0.5039727305864046
    ],
    "optimal_step": 0.6,
    "optimal_step_nu_op": 0.2904416944618897,
    "rm_nu_op_reference": 0.8204574550394903
  }
}