{
  "experiment": "iter-006 step 1: OU + I_infinity (BNT redundancy)",
  "k": 8,
  "K_params": 56,
  "lambda": 0.001,
  "sigma": 0.01,
  "T_total": 10000,
  "n_runs": 30,
  "theta0_std": 0.1,
  "R": 1.0,
  "tau_half": 100.0,
  "learn_c": 3.0,
  "transient_window_upper": 10000.0,
  "fit_window": [
    1000.0,
    10000.0
  ],
  "slope_theory_K_over_2": 28.0,
  "slope_theory_K_over_2R": 28.0,
  "fit_Lexcess_vs_log_lam_t": {
    "ok": true,
    "slope": 87.75729001184412,
    "intercept": 16.01040975388802,
    "R2": 0.9392386557913375,
    "n_points": 91,
    "t_min": 1000.0,
    "t_max": 10000.0
  },
  "fit_Lexcess_joint_linear_plus_log": {
    "ok": true,
    "A_linear_per_t": 0.018541441656573114,
    "B_log_coef": 9.50541804384638,
    "C_intercept": 35.6258326928255,
    "R2": 0.9998352336446932,
    "n_points": 91,
    "t_min": 1000.0,
    "t_max": 10000.0
  },
  "fit_eta_inf_t_vs_log_lam_t": {
    "ok": true,
    "slope": -8.723831737900802,
    "intercept": -39.82314862211216,
    "R2": 0.9756634367209945,
    "n_points": 91,
    "t_min": 1000.0,
    "t_max": 10000.0
  },
  "fit_eta_1step_t_vs_log_lam_t_control": {
    "ok": true,
    "slope": 0.00035194756240145274,
    "intercept": -0.0001407114962868141,
    "R2": 0.5092230252936448,
    "n_points": 88,
    "t_min": 1000.0,
    "t_max": 10000.0
  },
  "late_time": {
    "nu_mean": 0.9720885052274827,
    "nu_std": 0.013293409032714733,
    "I_opt_1step_mean": 0.01645501657370736,
    "theta_err_mean": 1.7808029736304958
  },
  "final": {
    "t": 10000,
    "L_excess": 243.28538763283868,
    "G_obs": -59.58720080663156,
    "cum_I_opt": 159.42565637327513
  },
  "metric_A_growing": {
    "T_w": [
      10,
      30,
      100,
      300,
      1000,
      3000
    ],
    "I_obs": [
      0.010188108683919282,
      0.030564326051757847,
      0.10188108683919282,
      0.3056432605175784,
      1.0188108683919284,
      3.0564326051757846
    ],
    "I_opt": [
      0.1648332733437794,
      0.4944998200313382,
      1.6483327334377937,
      4.944998200313381,
      16.483327334377936,
      49.44998200313382
    ]
  }
}